{
  "openapi": "3.0.0",
  "info": {
    "version": "1.0.0",
    "title": "Bizzcard",
    "description": "Apis for bizzcard.uz"
  },
  "tags": [
    {
      "name": "Users",
      "description": "This routes are used for user actions"
    },
    {
      "name": "Auth",
      "description": "This routes are used for authorization"
    },
    {
      "name": "Cards",
      "description": "This routes are used for actions with Business(Bizz) cards"
    }
  ],
  "paths": {
    "/": {
      "get": {
        "description": "",
        "parameters": [],
        "responses": {
          "200": {
            "description": "OK"
          }
        }
      }
    },
    "/auth/signup": {
      "post": {
        "tags": [
          "Auth"
        ],
        "description": "",
        "parameters": [],
        "responses": {
          "200": {
            "description": "OK"
          },
          "400": {
            "description": "Bad Request"
          },
          "500": {
            "description": "Internal Server Error"
          }
        },
        "requestBody": {
          "content": {
            "application/json": {
              "schema": {
                "type": "object",
                "properties": {
                  "full_name": {
                    "example": "any"
                  },
                  "email": {
                    "example": "any"
                  },
                  "password": {
                    "example": "any"
                  }
                }
              }
            }
          }
        }
      }
    },
    "/auth/signin": {
      "post": {
        "tags": [
          "Auth"
        ],
        "description": "",
        "parameters": [],
        "responses": {
          "200": {
            "description": "OK"
          },
          "400": {
            "description": "Bad Request"
          },
          "404": {
            "description": "Not Found"
          },
          "500": {
            "description": "Internal Server Error"
          }
        },
        "requestBody": {
          "content": {
            "application/json": {
              "schema": {
                "type": "object",
                "properties": {
                  "email": {
                    "example": "any"
                  },
                  "password": {
                    "example": "any"
                  }
                }
              }
            }
          }
        }
      }
    },
    "/auth/verify-email": {
      "get": {
        "tags": [
          "Auth"
        ],
        "description": "",
        "parameters": [
          {
            "name": "token",
            "in": "query",
            "schema": {
              "type": "string"
            }
          }
        ],
        "responses": {
          "404": {
            "description": "Not Found"
          },
          "500": {
            "description": "Internal Server Error"
          }
        }
      }
    },
    "/auth/forgot_password": {
      "post": {
        "tags": [
          "Auth"
        ],
        "description": "",
        "parameters": [],
        "responses": {
          "200": {
            "description": "OK"
          },
          "400": {
            "description": "Bad Request"
          },
          "500": {
            "description": "Internal Server Error"
          }
        },
        "requestBody": {
          "content": {
            "application/json": {
              "schema": {
                "type": "object",
                "properties": {
                  "email": {
                    "example": "any"
                  }
                }
              }
            }
          }
        }
      }
    },
    "/auth/reset_password": {
      "patch": {
        "tags": [
          "Auth"
        ],
        "description": "",
        "parameters": [
          {
            "name": "authorization",
            "in": "header",
            "schema": {
              "type": "string"
            }
          }
        ],
        "responses": {
          "200": {
            "description": "OK"
          },
          "401": {
            "description": "Unauthorized"
          }
        },
        "requestBody": {
          "content": {
            "application/json": {
              "schema": {
                "type": "object",
                "properties": {
                  "newPassword": {
                    "example": "any"
                  },
                  "confirmPassword": {
                    "example": "any"
                  }
                }
              }
            }
          }
        }
      }
    },
    "/user/profile/{id}": {
      "get": {
        "tags": [
          "Users"
        ],
        "description": "",
        "parameters": [
          {
            "name": "id",
            "in": "path",
            "required": true,
            "schema": {
              "type": "string"
            }
          }
        ],
        "responses": {
          "200": {
            "description": "OK"
          },
          "401": {
            "description": "Unauthorized"
          },
          "404": {
            "description": "Not Found"
          }
        }
      }
    },
    "/user/edit_profile/{id}": {
      "patch": {
        "tags": [
          "Users"
        ],
        "description": "",
        "parameters": [
          {
            "name": "id",
            "in": "path",
            "required": true,
            "schema": {
              "type": "string"
            }
          }
        ],
        "responses": {
          "200": {
            "description": "OK"
          },
          "401": {
            "description": "Unauthorized"
          },
          "404": {
            "description": "Not Found"
          }
        }
      }
    },
    "/cards/create_card/{id}": {
      "post": {
        "tags": [
          "Cards"
        ],
        "description": "",
        "parameters": [
          {
            "name": "id",
            "in": "path",
            "required": true,
            "schema": {
              "type": "string"
            }
          }
        ],
        "responses": {
          "200": {
            "description": "OK"
          },
          "400": {
            "description": "Bad Request"
          },
          "404": {
            "description": "Not Found"
          }
        }
      }
    },
    "/cards/get_card/{id}": {
      "get": {
        "tags": [
          "Cards"
        ],
        "description": "",
        "parameters": [
          {
            "name": "id",
            "in": "path",
            "required": true,
            "schema": {
              "type": "string"
            }
          }
        ],
        "responses": {
          "200": {
            "description": "OK"
          },
          "400": {
            "description": "Bad Request"
          }
        }
      }
    },
    "/cards/get_all_cards/": {
      "get": {
        "tags": [
          "Cards"
        ],
        "description": "",
        "parameters": [],
        "responses": {
          "200": {
            "description": "OK"
          },
          "400": {
            "description": "Bad Request"
          }
        }
      }
    },
    "/cards/get_my_cards/{id}": {
      "get": {
        "tags": [
          "Cards"
        ],
        "description": "",
        "parameters": [
          {
            "name": "id",
            "in": "path",
            "required": true,
            "schema": {
              "type": "string"
            }
          }
        ],
        "responses": {
          "200": {
            "description": "OK"
          },
          "400": {
            "description": "Bad Request"
          },
          "404": {
            "description": "Not Found"
          }
        }
      }
    },
    "/cards/edit_card/{userId}/{cardId}": {
      "patch": {
        "tags": [
          "Cards"
        ],
        "description": "",
        "parameters": [
          {
            "name": "userId",
            "in": "path",
            "required": true,
            "schema": {
              "type": "string"
            }
          },
          {
            "name": "cardId",
            "in": "path",
            "required": true,
            "schema": {
              "type": "string"
            }
          }
        ],
        "responses": {
          "200": {
            "description": "OK"
          },
          "401": {
            "description": "Unauthorized"
          },
          "404": {
            "description": "Not Found"
          }
        }
      }
    },
    "/cards/remove_card/{userId}/{cardId}": {
      "delete": {
        "tags": [
          "Cards"
        ],
        "description": "",
        "parameters": [
          {
            "name": "userId",
            "in": "path",
            "required": true,
            "schema": {
              "type": "string"
            }
          },
          {
            "name": "cardId",
            "in": "path",
            "required": true,
            "schema": {
              "type": "string"
            }
          }
        ],
        "responses": {
          "200": {
            "description": "OK"
          },
          "401": {
            "description": "Unauthorized"
          },
          "404": {
            "description": "Not Found"
          }
        }
      }
    },
    "/portfolio/create_portofolio/{id}": {
      "post": {
        "tags": [
          "Portfolio"
        ],
        "description": "",
        "parameters": [
          {
            "name": "id",
            "in": "path",
            "required": true,
            "schema": {
              "type": "string"
            }
          }
        ],
        "responses": {
          "200": {
            "description": "OK"
          },
          "400": {
            "description": "Bad Request"
          },
          "404": {
            "description": "Not Found"
          }
        }
      }
    }
  }
}